97,97,–∫–ª—é—á –¥–ª—è —Å–ª–æ–≤–∞,–∫–ª—é—á –¥–ª—è —è–∑—ã–∫–∞,json,,! –Ω–∞–¥–æ –Ω–∞–ø–∏—Å–∞—Ç—å —Ñ-—Ü–∏—é –ø—Ä–æ–≤–µ—Ä–∫–∏ —Ü–µ–ª–æ—Å—Ç–Ω–æ—Å—Ç–∏ jsona
—Å–ª–æ–≤–æ,—è–∑—ã–∫,word,lang,"{ ""word"": [ ""—ô—É–±–∞–≤"", ""sevgi"", ""dashuri"", ""·ã∞·à®·åÉ"", ""to love"", ""ÿßŸÑÿ≠ÿ®"", ""’Ω’´÷Ä’•’¨"", ""liefde"", ""maitasuna"", ""—è—Ä–∞—Ç–∞–º"", ""–∫–∞—Ö–∞—Ü—å"", ""‡¶≤‡¶æ‡¶≠"", ""·Äô·Ä±·Äê·Äπ·Äê·Ä¨"", ""–æ–±–∏—á–∞–º"", ""ljubav"", ""cariad"", ""szerelem"", ""t√¨nh y√™u"", ""renmen"", ""amor"", ""—è—Ä–∞—Ç–∞—à"", ""Œ±œÅŒ≠œÉŒµŒπ"", ""·É°·Éò·Éß·Éï·Éê·É†·É£·Éö·Éò"", ""‡™™‡´ç‡™∞‡´á‡™Æ"", ""elske"", ""uthando"", ""◊ú◊ê◊î◊ï◊ë"", ""◊ú◊ô◊ë◊¢"", ""cinta"", ""gr√°"", ""√°st"", ""amar"", ""amare"", ""—Å“Ø—é"", ""‡≤™‡≥ç‡≤∞‡≥Ä‡≤§‡≤ø"", ""l'amor"", ""–∂–µ–∫ –∫”©—Ä“Ø“Ø"", ""Áà±"", ""ÏÇ¨Îûë"", ""uthando"", ""·ûÄ·üí·ûä·û∏·ûü·üí·ûö·û°·û∂·ûâ·üã"", ""‡∫Ñ‡∫ß‡∫≤‡∫°‡∫Æ‡∫±‡∫Å"", ""amo"", ""mƒ´l"", ""mylƒóti"", ""g√§ren"", ""—ô—É–±–æ–≤"", ""fitiavana"", ""cinta"", ""‡¥∏‡µç‡¥®‡µá‡¥π‡¥Ç"", ""imƒßabba"", ""e pƒÅ ana"", ""‡§™‡•ç‡§∞‡•á‡§Æ"", ""–π”ß—Ä–∞—Ç–∞—à"", ""—Ö–∞–π—Ä"", ""lieben"", ""‡§™‡•ç‡§∞‡•á‡§Æ"", ""liefde"", ""elske"", ""‡®™‡®ø‡®Ü‡®∞"", ""stima"", ""ÿπÿ¥ŸÇ"", ""kochaƒá"", ""amar"", ""dragoste"", ""–ª—é–±–∏—Ç—å"", ""gugma"", ""—ô—É–±–∞–≤"", ""‡∂Ü‡∂Ø‡∂ª‡∂∫"", ""l√°ska"", ""ljubezen."", ""upendo"", ""cinta"", ""pag-ibig"", ""–¥”Ø—Å—Ç"", ""‡∏£‡∏±‡∏Å"", ""‡Æï‡Ææ‡Æ§‡Æ≤‡Øç"", ""—è—Ä–∞—Ç—É"", ""‡∞™‡±ç‡∞∞‡±á‡∞Æ"", ""sevmek"", ""—è—Ä–∞"", ""sevgi uchun"", ""–ª—é–±–∏—Ç–∏"", ""ŸÖÿ≠ÿ®ÿ™"", ""rakkaus"", ""aimer"", ""‡§™‡•ç‡§Ø‡§æ‡§∞"", ""ljubav"", ""milovat"", ""—é—Ä–∞—Ç"", ""√§lska"", ""üíè"", ""amo"", ""armastama"", ""sayang"", ""—Ç–∞–ø—Ç–∞–∞"", ""ÊÑõ"" ],""lang"": [ ""—Å–µ—Ä–±—Å–∫–∏"", ""–∞–∑–µ—Ä–±–∞–π–¥–∂–∞–Ω—Å–∫–∏"", ""–∞–ª–±–∞–Ω—Å–∫–∏"", ""–∞–º—Ö–∞—Ä—Å–∫–∏"", ""–∞–Ω–≥–ª–∏–π—Å–∫–∏"", ""–∞—Ä–∞–±—Å–∫–∏"", ""–∞—Ä–º—è–Ω—Å–∫–∏"", ""–∞—Ñ—Ä–∏–∫–∞–∞–Ω—Å–∫–∏"", ""–±–∞—Å–∫—Å–∫–∏"", ""–±–∞—à–∫–∏—Ä—Å–∫–∏"", ""–±–µ–ª–æ—Ä—É—Å—Å–∫–∏"", ""–±–µ–Ω–≥–∞–ª—å—Å–∫–∏"", ""–±–∏—Ä–º–∞–Ω—Å–∫–∏"", ""–±–æ–ª–≥–∞—Ä—Å–∫–∏"", ""–±–æ—Å–Ω–∏–π—Å–∫–∏"", ""–≤–∞–ª–ª–∏–π—Å–∫–∏"", ""–≤–µ–Ω–≥–µ—Ä—Å–∫–∏"", ""–≤—å–µ—Ç–Ω–∞–º—Å–∫–∏"", ""–≥–∞–∏—Ç—è–Ω—Å–∫–∏"", ""–≥–∞–ª–∏—Å–∏–π—Å–∫–∏"", ""–≥–æ—Ä–Ω–æ–º–∞—Ä–∏–π—Å–∫–∏"", ""–≥—Ä–µ—á–µ—Å–∫–∏"", ""–≥—Ä—É–∑–∏–Ω—Å–∫–∏"", ""–≥—É–¥–∂–∞—Ä–∞—Ç–∏—Å–∫–∏"", ""–¥–∞—Ç—Å–∫–∏"", ""–∑—É–ª—É—Å–∫–∏"", ""–∏–≤—Ä–∏—Ç—Å–∫–∏ (—Å–æ—Ä—Ä–∏)"", ""–∏–¥–∏—à—Å–∫–∏"", ""–∏–Ω–¥–æ–Ω–µ–∑–∏–π—Å–∫–∏"", ""–∏—Ä–ª–∞–Ω–¥—Å–∫–∏"", ""–∏—Å–ª–∞–Ω–¥—Å–∫–∏"", ""–∏—Å–ø–∞–Ω—Å–∫–∏"", ""–∏—Ç–∞–ª—å—è–Ω—Å–∫–∏"", ""–∫–∞–∑–∞—Ö—Å–∫–∏"", ""–∫–∞–Ω–Ω–∞–¥—Å–∫–∏"", ""–∫–∞—Ç–∞–ª–∞–Ω—Å–∫–∏"", ""–∫–∏—Ä–≥–∏–∑—Å–∫–∏"", ""–∫–∏—Ç–∞–π—Å–∫–∏"", ""–∫–æ—Ä–µ–π—Å–∫–∏"", ""–∫–æ—Å—Å–∫–∏?"", ""–∫—Ö–º–µ—Ä—Å–∫–∏"", ""–ª–∞–æ—Å—Å–∫–∏"", ""–ª–∞—Ç–∏–Ω—Å–∫–∏"", ""–ª–∞—Ç—ã—à—Å–∫–∏"", ""–ª–∏—Ç–æ–≤—Å–∫–∏"", ""–ª—é–∫—Å–µ–º–±—É—Ä–≥—Å–∫–∏"", ""–º–∞–∫–µ–¥–æ–Ω—Å–∫–∏"", ""–º–∞–ª–∞–≥–∞—Å–∏–π—Å–∫–∏"", ""–º–∞–ª–∞–π—Å–∫–∏"", ""–º–∞–ª–∞—è–ª–∞–º—Å–∫–∏"", ""–º–∞–ª—å—Ç–∏–π—Å–∫–∏"", ""–º–∞–æ—Ä–∏–π—Å–∫–∏"", ""–º–∞—Ä–∞—Ç—Ö–∏—Å–∫–∏"", ""–º–∞—Ä–∏–π—Å–∫–∏"", ""–º–æ–Ω–≥–æ–ª—å—Å–∫–∏"", ""–Ω–µ–º–µ—Ü–∫–∏"", ""–Ω–µ–ø–∞–ª—å—Å–∫–∏"", ""–Ω–∏–¥–µ—Ä–ª–∞–Ω—Å–∫–∏"", ""–Ω–æ—Ä–≤–µ–∂—Å–∫–∏"", ""–ø–∞–Ω–¥–∂–∞–±—Å–∫–∏"", ""–ø–∞–ø—å—è–º–µ–Ω—Ç—Å–∫–∏"", ""–ø–µ—Ä—Å–∏–¥—Å–∫–∏"", ""–ø–æ–ª—å—Å–∫–∏"", ""–ø–æ—Ä—Ç—É–≥–∞–ª—å—Å–∫–∏"", ""—Ä—É–º—ã–Ω—Å–∫–∏"", ""—Ä—É—Å—Å–∫–∏"", ""—Å–µ–±—É–∞–Ω—Å–∫–∏"", ""—Å–µ—Ä–±—Å–∫–∏"", ""—Å–∏–Ω–≥–∞–ª—å—Å–∫–∏"", ""—Å–ª–æ–≤–∞—Ü–∫–∏"", ""—Å–ª–æ–≤–µ–Ω—Å–∫–∏"", ""—Å—É–∞—Ö–∏–ª—å—Å–∫–∏"", ""—Å—É–¥–∞–Ω—Å–∫–∏"", ""—Ç–∞–≥–∞–ª—å—Å–∫–∏"", ""—Ç–∞–¥–∂–∏–∫—Å–∫–∏"", ""—Ç–∞–π—Å–∫–∏"", ""—Ç–∞–º–∏–ª—å—Å–∫–∏"", ""—Ç–∞—Ç–∞—Ä—Å–∫–∏"", ""—Ç–µ–ª—É–≥—É—Å–∫–∏"", ""—Ç—É—Ä–µ—Ü–∫–∏"", ""—É–¥–º—É—Ä—Ç—Å–∫–∏"", ""—É–∑–±–µ–∫—Å–∫–∏"", ""—É–∫—Ä–∞–∏–Ω—Å–∫–∏"", ""—É—Ä–¥—Å–∫–∏"", ""—Ñ–∏–Ω—Å–∫–∏"", ""—Ñ—Ä–∞–Ω—Ü—É–∑—Å–∫–∏"", ""—Ö–∏–Ω–¥–∏ (-—Å–∫–∏)"", ""—Ö–æ—Ä–≤–∞—Ç—Å–∫–∏"", ""—á–µ—à—Å–∫–∏"", ""—á—É–≤–∞—à—Å–∫–∏"", ""—à–≤–µ–¥—Å–∫–∏"", ""—ç–º–æ–¥–∑–∏—Å–∫–∏"", ""—ç—Å–ø–µ—Ä–∞–Ω—Ç—Å–∫–∏"", ""—ç—Å—Ç–æ–Ω—Å–∫–∏"", ""—è–≤–∞–Ω—Å–∫–∏"", ""—è–∫—É—Ç—Å–∫–∏"", ""—è–ø–æ–Ω—Å–∫–∏"" ] }","{ ""title"": ""test_json"", ""type"": ""object"", ""description"": ""–°–≤–µ–¥** 4.01 –°–≤–µ–¥–µ–Ω–∏—è –æ–±"", ""properties"": { ""words"": { ""type"": ""object"", ""properties"": { ""words_count"": { ""type"": ""integer"" }, ""words_values"": { ""type"": ""array"", ""items"": { ""type"": ""string"" } } } }, ""langs"": { ""type"": ""object"", ""properties"": { ""langs_count"": { ""type"": ""integer"" }, ""lang_values"": { ""type"": ""array"", ""items"": { ""type"": ""string"" } } } } } }",—à–∞–≥1 —Ä–∞—Å–ø–∞—Ä—Å–∏—Ç—å –≤—Å–µ –∑–Ω–∞—á–µ–Ω–∏—è –≤—Å–µ—Ö –∫–ª—é—á–µ–π
—ô—É–±–∞–≤,—Å–µ—Ä–±—Å–∫–∏,"""—ô—É–±–∞–≤"", ""sevgi"", ""dashuri"", ""·ã∞·à®·åÉ"", ""to love"", ""ÿßŸÑÿ≠ÿ®"", ""’Ω’´÷Ä’•’¨"", ""liefde"", ""maitasuna"", ""—è—Ä–∞—Ç–∞–º"", ""–∫–∞—Ö–∞—Ü—å"", ""‡¶≤‡¶æ‡¶≠"", ""·Äô·Ä±·Äê·Äπ·Äê·Ä¨"", ""–æ–±–∏—á–∞–º"", ""ljubav"", ""cariad"", ""szerelem"", ""t√¨nh y√™u"", ""renmen"", ""amor"", ""—è—Ä–∞—Ç–∞—à"", ""Œ±œÅŒ≠œÉŒµŒπ"", ""·É°·Éò·Éß·Éï·Éê·É†·É£·Éö·Éò"", ""‡™™‡´ç‡™∞‡´á‡™Æ"", ""elske"", ""uthando"", ""◊ú◊ê◊î◊ï◊ë"", ""◊ú◊ô◊ë◊¢"", ""cinta"", ""gr√°"", ""√°st"", ""amar"", ""amare"", ""—Å“Ø—é"", ""‡≤™‡≥ç‡≤∞‡≥Ä‡≤§‡≤ø"", ""l'amor"", ""–∂–µ–∫ –∫”©—Ä“Ø“Ø"", ""Áà±"", ""ÏÇ¨Îûë"", ""uthando"", ""·ûÄ·üí·ûä·û∏·ûü·üí·ûö·û°·û∂·ûâ·üã"", ""‡∫Ñ‡∫ß‡∫≤‡∫°‡∫Æ‡∫±‡∫Å"", ""amo"", ""mƒ´l"", ""mylƒóti"", ""g√§ren"", ""—ô—É–±–æ–≤"", ""fitiavana"", ""cinta"", ""‡¥∏‡µç‡¥®‡µá‡¥π‡¥Ç"", ""imƒßabba"", ""e pƒÅ ana"", ""‡§™‡•ç‡§∞‡•á‡§Æ"", ""–π”ß—Ä–∞—Ç–∞—à"", ""—Ö–∞–π—Ä"", ""lieben"", ""‡§™‡•ç‡§∞‡•á‡§Æ"", ""liefde"", ""elske"", ""‡®™‡®ø‡®Ü‡®∞"", ""stima"", ""ÿπÿ¥ŸÇ"", ""kochaƒá"", ""amar"", ""dragoste"", ""–ª—é–±–∏—Ç—å"", ""gugma"", ""—ô—É–±–∞–≤"", ""‡∂Ü‡∂Ø‡∂ª‡∂∫"", ""l√°ska"", ""ljubezen."", ""upendo"", ""cinta"", ""pag-ibig"", ""–¥”Ø—Å—Ç"", ""‡∏£‡∏±‡∏Å"", ""‡Æï‡Ææ‡Æ§‡Æ≤‡Øç"", ""—è—Ä–∞—Ç—É"", ""‡∞™‡±ç‡∞∞‡±á‡∞Æ"", ""sevmek"", ""—è—Ä–∞"", ""sevgi uchun"", ""–ª—é–±–∏—Ç–∏"", ""ŸÖÿ≠ÿ®ÿ™"", ""rakkaus"", ""aimer"", ""‡§™‡•ç‡§Ø‡§æ‡§∞"", ""ljubav"", ""milovat"", ""—é—Ä–∞—Ç"", ""√§lska"", ""üíè"", ""amo"", ""armastama"", ""sayang"", ""—Ç–∞–ø—Ç–∞–∞"", ""ÊÑõ""","""—Å–µ—Ä–±—Å–∫–∏"", ""–∞–∑–µ—Ä–±–∞–π–¥–∂–∞–Ω—Å–∫–∏"", ""–∞–ª–±–∞–Ω—Å–∫–∏"", ""–∞–º—Ö–∞—Ä—Å–∫–∏"", ""–∞–Ω–≥–ª–∏–π—Å–∫–∏"", ""–∞—Ä–∞–±—Å–∫–∏"", ""–∞—Ä–º—è–Ω—Å–∫–∏"", ""–∞—Ñ—Ä–∏–∫–∞–∞–Ω—Å–∫–∏"", ""–±–∞—Å–∫—Å–∫–∏"", ""–±–∞—à–∫–∏—Ä—Å–∫–∏"", ""–±–µ–ª–æ—Ä—É—Å—Å–∫–∏"", ""–±–µ–Ω–≥–∞–ª—å—Å–∫–∏"", ""–±–∏—Ä–º–∞–Ω—Å–∫–∏"", ""–±–æ–ª–≥–∞—Ä—Å–∫–∏"", ""–±–æ—Å–Ω–∏–π—Å–∫–∏"", ""–≤–∞–ª–ª–∏–π—Å–∫–∏"", ""–≤–µ–Ω–≥–µ—Ä—Å–∫–∏"", ""–≤—å–µ—Ç–Ω–∞–º—Å–∫–∏"", ""–≥–∞–∏—Ç—è–Ω—Å–∫–∏"", ""–≥–∞–ª–∏—Å–∏–π—Å–∫–∏"", ""–≥–æ—Ä–Ω–æ–º–∞—Ä–∏–π—Å–∫–∏"", ""–≥—Ä–µ—á–µ—Å–∫–∏"", ""–≥—Ä—É–∑–∏–Ω—Å–∫–∏"", ""–≥—É–¥–∂–∞—Ä–∞—Ç–∏—Å–∫–∏"", ""–¥–∞—Ç—Å–∫–∏"", ""–∑—É–ª—É—Å–∫–∏"", ""–∏–≤—Ä–∏—Ç—Å–∫–∏ (—Å–æ—Ä—Ä–∏)"", ""–∏–¥–∏—à—Å–∫–∏"", ""–∏–Ω–¥–æ–Ω–µ–∑–∏–π—Å–∫–∏"", ""–∏—Ä–ª–∞–Ω–¥—Å–∫–∏"", ""–∏—Å–ª–∞–Ω–¥—Å–∫–∏"", ""–∏—Å–ø–∞–Ω—Å–∫–∏"", ""–∏—Ç–∞–ª—å—è–Ω—Å–∫–∏"", ""–∫–∞–∑–∞—Ö—Å–∫–∏"", ""–∫–∞–Ω–Ω–∞–¥—Å–∫–∏"", ""–∫–∞—Ç–∞–ª–∞–Ω—Å–∫–∏"", ""–∫–∏—Ä–≥–∏–∑—Å–∫–∏"", ""–∫–∏—Ç–∞–π—Å–∫–∏"", ""–∫–æ—Ä–µ–π—Å–∫–∏"", ""–∫–æ—Å—Å–∫–∏?"", ""–∫—Ö–º–µ—Ä—Å–∫–∏"", ""–ª–∞–æ—Å—Å–∫–∏"", ""–ª–∞—Ç–∏–Ω—Å–∫–∏"", ""–ª–∞—Ç—ã—à—Å–∫–∏"", ""–ª–∏—Ç–æ–≤—Å–∫–∏"", ""–ª—é–∫—Å–µ–º–±—É—Ä–≥—Å–∫–∏"", ""–º–∞–∫–µ–¥–æ–Ω—Å–∫–∏"", ""–º–∞–ª–∞–≥–∞—Å–∏–π—Å–∫–∏"", ""–º–∞–ª–∞–π—Å–∫–∏"", ""–º–∞–ª–∞—è–ª–∞–º—Å–∫–∏"", ""–º–∞–ª—å—Ç–∏–π—Å–∫–∏"", ""–º–∞–æ—Ä–∏–π—Å–∫–∏"", ""–º–∞—Ä–∞—Ç—Ö–∏—Å–∫–∏"", ""–º–∞—Ä–∏–π—Å–∫–∏"", ""–º–æ–Ω–≥–æ–ª—å—Å–∫–∏"", ""–Ω–µ–º–µ—Ü–∫–∏"", ""–Ω–µ–ø–∞–ª—å—Å–∫–∏"", ""–Ω–∏–¥–µ—Ä–ª–∞–Ω—Å–∫–∏"", ""–Ω–æ—Ä–≤–µ–∂—Å–∫–∏"", ""–ø–∞–Ω–¥–∂–∞–±—Å–∫–∏"", ""–ø–∞–ø—å—è–º–µ–Ω—Ç—Å–∫–∏"", ""–ø–µ—Ä—Å–∏–¥—Å–∫–∏"", ""–ø–æ–ª—å—Å–∫–∏"", ""–ø–æ—Ä—Ç—É–≥–∞–ª—å—Å–∫–∏"", ""—Ä—É–º—ã–Ω—Å–∫–∏"", ""—Ä—É—Å—Å–∫–∏"", ""—Å–µ–±—É–∞–Ω—Å–∫–∏"", ""—Å–µ—Ä–±—Å–∫–∏"", ""—Å–∏–Ω–≥–∞–ª—å—Å–∫–∏"", ""—Å–ª–æ–≤–∞—Ü–∫–∏"", ""—Å–ª–æ–≤–µ–Ω—Å–∫–∏"", ""—Å—É–∞—Ö–∏–ª—å—Å–∫–∏"", ""—Å—É–¥–∞–Ω—Å–∫–∏"", ""—Ç–∞–≥–∞–ª—å—Å–∫–∏"", ""—Ç–∞–¥–∂–∏–∫—Å–∫–∏"", ""—Ç–∞–π—Å–∫–∏"", ""—Ç–∞–º–∏–ª—å—Å–∫–∏"", ""—Ç–∞—Ç–∞—Ä—Å–∫–∏"", ""—Ç–µ–ª—É–≥—É—Å–∫–∏"", ""—Ç—É—Ä–µ—Ü–∫–∏"", ""—É–¥–º—É—Ä—Ç—Å–∫–∏"", ""—É–∑–±–µ–∫—Å–∫–∏"", ""—É–∫—Ä–∞–∏–Ω—Å–∫–∏"", ""—É—Ä–¥—Å–∫–∏"", ""—Ñ–∏–Ω—Å–∫–∏"", ""—Ñ—Ä–∞–Ω—Ü—É–∑—Å–∫–∏"", ""—Ö–∏–Ω–¥–∏ (-—Å–∫–∏)"", ""—Ö–æ—Ä–≤–∞—Ç—Å–∫–∏"", ""—á–µ—à—Å–∫–∏"", ""—á—É–≤–∞—à—Å–∫–∏"", ""—à–≤–µ–¥—Å–∫–∏"", ""—ç–º–æ–¥–∑–∏—Å–∫–∏"", ""—ç—Å–ø–µ—Ä–∞–Ω—Ç—Å–∫–∏"", ""—ç—Å—Ç–æ–Ω—Å–∫–∏"", ""—è–≤–∞–Ω—Å–∫–∏"", ""—è–∫—É—Ç—Å–∫–∏"", ""—è–ø–æ–Ω—Å–∫–∏""",,,—à–∞–≥2 –ø–æ—Å—á–∏—Ç–∞—Ç—å –∫–æ–ª-–≤–æ –∑–Ω–∞—á–µ–Ω–∏–π –∫–∞–∂–¥–æ–≥–æ –∫–ª—é—á–∞
sevgi,–∞–∑–µ—Ä–±–∞–π–¥–∂–∞–Ω—Å–∫–∏,5,,,,"—à–∞–≥3 –µ—Å–ª–∏ –æ–Ω–∏ –Ω–µ —Ä–∞–≤–Ω—ã, –ø–æ–∫–∞–∑–∞—Ç—å –æ—à–∏–±–∫—É"
dashuri,–∞–ª–±–∞–Ω—Å–∫–∏,7,,,,
·ã∞·à®·åÉ,–∞–º—Ö–∞—Ä—Å–∫–∏,3,,,,
to love,–∞–Ω–≥–ª–∏–π—Å–∫–∏,7,,,,
ÿßŸÑÿ≠ÿ®,–∞—Ä–∞–±—Å–∫–∏,4,,,,
’Ω’´÷Ä’•’¨,–∞—Ä–º—è–Ω—Å–∫–∏,5,,,,
liefde,–∞—Ñ—Ä–∏–∫–∞–∞–Ω—Å–∫–∏,6,,,,
maitasuna,–±–∞—Å–∫—Å–∫–∏,9,,,,
—è—Ä–∞—Ç–∞–º,–±–∞—à–∫–∏—Ä—Å–∫–∏,6,,,,
–∫–∞—Ö–∞—Ü—å,–±–µ–ª–æ—Ä—É—Å—Å–∫–∏,6,,,,
‡¶≤‡¶æ‡¶≠,–±–µ–Ω–≥–∞–ª—å—Å–∫–∏,3,,—ô—É–±–∞–≤ sevgi dashuri ·ã∞·à®·åÉ to love ÿßŸÑÿ≠ÿ® ’Ω’´÷Ä’•’¨ liefde maitasuna —è—Ä–∞—Ç–∞–º –∫–∞—Ö–∞—Ü—å ‡¶≤‡¶æ‡¶≠ ·Äô·Ä±·Äê·Äπ·Äê·Ä¨ –æ–±–∏—á–∞–º ljubav cariad szerelem t√¨nh y√™u renmen amor —è—Ä–∞—Ç–∞—à Œ±œÅŒ≠œÉŒµŒπ ·É°·Éò·Éß·Éï·Éê·É†·É£·Éö·Éò ‡™™‡´ç‡™∞‡´á‡™Æ elske uthando ◊ú◊ê◊î◊ï◊ë ◊ú◊ô◊ë◊¢ cinta gr√° √°st amar amare —Å“Ø—é ‡≤™‡≥ç‡≤∞‡≥Ä‡≤§‡≤ø l'amor –∂–µ–∫ –∫”©—Ä“Ø“Ø Áà± ÏÇ¨Îûë uthando ·ûÄ·üí·ûä·û∏·ûü·üí·ûö·û°·û∂·ûâ·üã ‡∫Ñ‡∫ß‡∫≤‡∫°‡∫Æ‡∫±‡∫Å amo mƒ´l mylƒóti g√§ren —ô—É–±–æ–≤ fitiavana cinta ‡¥∏‡µç‡¥®‡µá‡¥π‡¥Ç imƒßabba e pƒÅ ana ‡§™‡•ç‡§∞‡•á‡§Æ –π”ß—Ä–∞—Ç–∞—à —Ö–∞–π—Ä lieben ‡§™‡•ç‡§∞‡•á‡§Æ liefde elske ‡®™‡®ø‡®Ü‡®∞ stima ÿπÿ¥ŸÇ kochaƒá amar dragoste –ª—é–±–∏—Ç—å gugma —ô—É–±–∞–≤ ‡∂Ü‡∂Ø‡∂ª‡∂∫ l√°ska ljubezen. upendo cinta pag-ibig –¥”Ø—Å—Ç ‡∏£‡∏±‡∏Å ‡Æï‡Ææ‡Æ§‡Æ≤‡Øç —è—Ä–∞—Ç—É ‡∞™‡±ç‡∞∞‡±á‡∞Æ sevmek —è—Ä–∞ sevgi uchun –ª—é–±–∏—Ç–∏ ŸÖÿ≠ÿ®ÿ™ rakkaus aimer ‡§™‡•ç‡§Ø‡§æ‡§∞ ljubav milovat —é—Ä–∞—Ç √§lska üíè amo armastama sayang —Ç–∞–ø—Ç–∞–∞ ÊÑõ,,
·Äô·Ä±·Äê·Äπ·Äê·Ä¨,–±–∏—Ä–º–∞–Ω—Å–∫–∏,6,,,,
–æ–±–∏—á–∞–º,–±–æ–ª–≥–∞—Ä—Å–∫–∏,6,,—ô—É–±–∞–≤ sevgi dashuri ·ã∞·à®·åÉ to love ÿßŸÑÿ≠ÿ® ’Ω’´÷Ä’•’¨ liefde maitasuna —è—Ä–∞—Ç–∞–º –∫–∞—Ö–∞—Ü—å ‡¶≤‡¶æ‡¶≠ ·Äô·Ä±·Äê·Äπ·Äê·Ä¨ –æ–±–∏—á–∞–º ljubav cariad szerelem t√¨nh y√™u renmen amor —è—Ä–∞—Ç–∞—à Œ±œÅŒ≠œÉŒµŒπ ·É°·Éò·Éß·Éï·Éê·É†·É£·Éö·Éò ‡™™‡´ç‡™∞‡´á‡™Æ elske uthando ◊ú◊ê◊î◊ï◊ë ◊ú◊ô◊ë◊¢ cinta gr√° √°st amar amare —Å“Ø—é ‡≤™‡≥ç‡≤∞‡≥Ä‡≤§‡≤ø l'amor –∂–µ–∫ –∫”©—Ä“Ø“Ø Áà± ÏÇ¨Îûë uthando ·ûÄ·üí·ûä·û∏·ûü·üí·ûö·û°·û∂·ûâ·üã ‡∫Ñ‡∫ß‡∫≤‡∫°‡∫Æ‡∫±‡∫Å amo mƒ´l mylƒóti g√§ren —ô—É–±–æ–≤ fitiavana cinta ‡¥∏‡µç‡¥®‡µá‡¥π‡¥Ç imƒßabba e pƒÅ ana ‡§™‡•ç‡§∞‡•á‡§Æ –π”ß—Ä–∞—Ç–∞—à —Ö–∞–π—Ä lieben ‡§™‡•ç‡§∞‡•á‡§Æ liefde elske ‡®™‡®ø‡®Ü‡®∞ stima ÿπÿ¥ŸÇ kochaƒá amar dragoste –ª—é–±–∏—Ç—å gugma —ô—É–±–∞–≤ ‡∂Ü‡∂Ø‡∂ª‡∂∫ l√°ska ljubezen. upendo cinta pag-ibig –¥”Ø—Å—Ç ‡∏£‡∏±‡∏Å ‡Æï‡Ææ‡Æ§‡Æ≤‡Øç —è—Ä–∞—Ç—É ‡∞™‡±ç‡∞∞‡±á‡∞Æ sevmek —è—Ä–∞ sevgi uchun –ª—é–±–∏—Ç–∏ ŸÖÿ≠ÿ®ÿ™ rakkaus aimer ‡§™‡•ç‡§Ø‡§æ‡§∞ ljubav milovat —é—Ä–∞—Ç √§lska üíè amo armastama sayang —Ç–∞–ø—Ç–∞–∞ ÊÑõ,,
ljubav,–±–æ—Å–Ω–∏–π—Å–∫–∏,6,,,,
cariad,–≤–∞–ª–ª–∏–π—Å–∫–∏,6,,,,
szerelem,–≤–µ–Ω–≥–µ—Ä—Å–∫–∏,8,,,,
t√¨nh y√™u,–≤—å–µ—Ç–Ω–∞–º—Å–∫–∏,8,,,,
renmen,–≥–∞–∏—Ç—è–Ω—Å–∫–∏,6,,,,
amor,–≥–∞–ª–∏—Å–∏–π—Å–∫–∏,4,,,,
—è—Ä–∞—Ç–∞—à,–≥–æ—Ä–Ω–æ–º–∞—Ä–∏–π—Å–∫–∏,6,,,,
Œ±œÅŒ≠œÉŒµŒπ,–≥—Ä–µ—á–µ—Å–∫–∏,6,,,,
·É°·Éò·Éß·Éï·Éê·É†·É£·Éö·Éò,–≥—Ä—É–∑–∏–Ω—Å–∫–∏,9,,,,
‡™™‡´ç‡™∞‡´á‡™Æ,–≥—É–¥–∂–∞—Ä–∞—Ç–∏—Å–∫–∏,5,,,,
elske,–¥–∞—Ç—Å–∫–∏,5,,,,
uthando,–∑—É–ª—É—Å–∫–∏,7,,,,
◊ú◊ê◊î◊ï◊ë,–∏–≤—Ä–∏—Ç—Å–∫–∏ (—Å–æ—Ä—Ä–∏),5,,,,
◊ú◊ô◊ë◊¢,–∏–¥–∏—à—Å–∫–∏,4,,,,
cinta,–∏–Ω–¥–æ–Ω–µ–∑–∏–π—Å–∫–∏,5,,,,
gr√°,–∏—Ä–ª–∞–Ω–¥—Å–∫–∏,3,,,,
√°st,–∏—Å–ª–∞–Ω–¥—Å–∫–∏,3,,,,
amar,–∏—Å–ø–∞–Ω—Å–∫–∏,4,,,,
amare,–∏—Ç–∞–ª—å—è–Ω—Å–∫–∏,5,,,,
—Å“Ø—é,–∫–∞–∑–∞—Ö—Å–∫–∏,3,,,,
‡≤™‡≥ç‡≤∞‡≥Ä‡≤§‡≤ø,–∫–∞–Ω–Ω–∞–¥—Å–∫–∏,6,,,,
l'amor,–∫–∞—Ç–∞–ª–∞–Ω—Å–∫–∏,6,,,,
–∂–µ–∫ –∫”©—Ä“Ø“Ø,–∫–∏—Ä–≥–∏–∑—Å–∫–∏,9,,,,
Áà±,–∫–∏—Ç–∞–π—Å–∫–∏,1,,,,
ÏÇ¨Îûë,–∫–æ—Ä–µ–π—Å–∫–∏,2,,,,
uthando,–∫–æ—Å—Å–∫–∏?,7,,,,
·ûÄ·üí·ûä·û∏·ûü·üí·ûö·û°·û∂·ûâ·üã,–∫—Ö–º–µ—Ä—Å–∫–∏,11,,,,
‡∫Ñ‡∫ß‡∫≤‡∫°‡∫Æ‡∫±‡∫Å,–ª–∞–æ—Å—Å–∫–∏,7,,,,
amo,–ª–∞—Ç–∏–Ω—Å–∫–∏,3,,,,
mƒ´l,–ª–∞—Ç—ã—à—Å–∫–∏,3,,,,
mylƒóti,–ª–∏—Ç–æ–≤—Å–∫–∏,6,,,,
g√§ren,–ª—é–∫—Å–µ–º–±—É—Ä–≥—Å–∫–∏,5,,,,
—ô—É–±–æ–≤,–º–∞–∫–µ–¥–æ–Ω—Å–∫–∏,5,,,,
fitiavana,–º–∞–ª–∞–≥–∞—Å–∏–π—Å–∫–∏,9,,,,
cinta,–º–∞–ª–∞–π—Å–∫–∏,5,,,,
‡¥∏‡µç‡¥®‡µá‡¥π‡¥Ç,–º–∞–ª–∞—è–ª–∞–º—Å–∫–∏,6,,,,
imƒßabba,–º–∞–ª—å—Ç–∏–π—Å–∫–∏,7,,,,
e pƒÅ ana,–º–∞–æ—Ä–∏–π—Å–∫–∏,8,,,,
‡§™‡•ç‡§∞‡•á‡§Æ,–º–∞—Ä–∞—Ç—Ö–∏—Å–∫–∏,5,,,,
–π”ß—Ä–∞—Ç–∞—à,–º–∞—Ä–∏–π—Å–∫–∏,7,,,,
—Ö–∞–π—Ä,–º–æ–Ω–≥–æ–ª—å—Å–∫–∏,4,,,,
lieben,–Ω–µ–º–µ—Ü–∫–∏,6,,,,
‡§™‡•ç‡§∞‡•á‡§Æ,–Ω–µ–ø–∞–ª—å—Å–∫–∏,5,,,,
liefde,–Ω–∏–¥–µ—Ä–ª–∞–Ω—Å–∫–∏,6,,,,
elske,–Ω–æ—Ä–≤–µ–∂—Å–∫–∏,5,,,,
‡®™‡®ø‡®Ü‡®∞,–ø–∞–Ω–¥–∂–∞–±—Å–∫–∏,4,,,,
stima,–ø–∞–ø—å—è–º–µ–Ω—Ç—Å–∫–∏,5,,,,
ÿπÿ¥ŸÇ,–ø–µ—Ä—Å–∏–¥—Å–∫–∏,3,,,,
kochaƒá,–ø–æ–ª—å—Å–∫–∏,6,,,,
amar,–ø–æ—Ä—Ç—É–≥–∞–ª—å—Å–∫–∏,4,,,,
dragoste,—Ä—É–º—ã–Ω—Å–∫–∏,8,,,,
–ª—é–±–∏—Ç—å,—Ä—É—Å—Å–∫–∏,6,,,,
gugma,—Å–µ–±—É–∞–Ω—Å–∫–∏,5,,,,
—ô—É–±–∞–≤,—Å–µ—Ä–±—Å–∫–∏,5,,,,
‡∂Ü‡∂Ø‡∂ª‡∂∫,—Å–∏–Ω–≥–∞–ª—å—Å–∫–∏,4,,,,
l√°ska,—Å–ª–æ–≤–∞—Ü–∫–∏,5,,,,
ljubezen.,—Å–ª–æ–≤–µ–Ω—Å–∫–∏,9,,,,
upendo,—Å—É–∞—Ö–∏–ª—å—Å–∫–∏,6,,,,
cinta,—Å—É–¥–∞–Ω—Å–∫–∏,5,,,,
pag-ibig,—Ç–∞–≥–∞–ª—å—Å–∫–∏,8,,,,
–¥”Ø—Å—Ç,—Ç–∞–¥–∂–∏–∫—Å–∫–∏,4,,,,
‡∏£‡∏±‡∏Å,—Ç–∞–π—Å–∫–∏,3,,,,
‡Æï‡Ææ‡Æ§‡Æ≤‡Øç,—Ç–∞–º–∏–ª—å—Å–∫–∏,5,,,,
—è—Ä–∞—Ç—É,—Ç–∞—Ç–∞—Ä—Å–∫–∏,5,,,,
‡∞™‡±ç‡∞∞‡±á‡∞Æ,—Ç–µ–ª—É–≥—É—Å–∫–∏,5,,,,
sevmek,—Ç—É—Ä–µ—Ü–∫–∏,6,,,,
—è—Ä–∞,—É–¥–º—É—Ä—Ç—Å–∫–∏,3,,,,
sevgi uchun,—É–∑–±–µ–∫—Å–∫–∏,11,,,,
–ª—é–±–∏—Ç–∏,—É–∫—Ä–∞–∏–Ω—Å–∫–∏,6,,,,
ŸÖÿ≠ÿ®ÿ™,—É—Ä–¥—Å–∫–∏,4,,,,
rakkaus,—Ñ–∏–Ω—Å–∫–∏,7,,,,
aimer,—Ñ—Ä–∞–Ω—Ü—É–∑—Å–∫–∏,5,,,,
‡§™‡•ç‡§Ø‡§æ‡§∞,—Ö–∏–Ω–¥–∏ (-—Å–∫–∏),5,,,,
ljubav,—Ö–æ—Ä–≤–∞—Ç—Å–∫–∏,6,,,,
milovat,—á–µ—à—Å–∫–∏,7,,,,
—é—Ä–∞—Ç,—á—É–≤–∞—à—Å–∫–∏,4,,,,
√§lska,—à–≤–µ–¥—Å–∫–∏,5,,,,
üíè,—ç–º–æ–¥–∑–∏—Å–∫–∏,2,,,,
amo,—ç—Å–ø–µ—Ä–∞–Ω—Ç—Å–∫–∏,3,,,,
armastama,—ç—Å—Ç–æ–Ω—Å–∫–∏,9,,,,
sayang,—è–≤–∞–Ω—Å–∫–∏,6,,,,
—Ç–∞–ø—Ç–∞–∞,—è–∫—É—Ç—Å–∫–∏,6,,,,
ÊÑõ,—è–ø–æ–Ω—Å–∫–∏,1,,,,